"Post School Destinations of Year 12 or equivalent completers in 2018, Victorian schools",,,,,,,,,,,,,
Source: On Track Year 12 completer survey 2019 (Department of Education and Training),,,,,,,,,,,,,
,,,,,,,,,,,,,
VCAA CODE,SCHOOL NAME,SECTOR,LOCALITY,TOTAL COMPLETED YEAR 12,ON TRACK CONSENTERS,ON TRACK SURVEY DATA 2019 **,,,,,,,
,,,,,,ON TRACK RESPONDENTS*,IN EDUCATION AND TRAINING - MAY 2019,,,,NOT IN EDUCATION AND TRAINING - MAY 2019,,
,,,,,,,BACHELOR ENROLLED,DEFERRED,TAFE / VET ENROLLED,APPRENTICE / TRAINEE,EMPLOYED,LOOKING FOR WORK,Other^
,,,,(NUMBER),(NUMBER),(NUMBER),(PER CENT),(PER CENT),(PER CENT),(PER CENT),(PER CENT),(PER CENT),(PER CENT)
01216,ACADEMY OF MARY IMMACULATE,C,FITZROY,96,96,60,68,12,15,3,2,0,0
14952,AL SIRAAT COLLEGE,I,EPPING,21,21,13,77,0,15,8,0,0,0
14924,ALKIRA SECONDARY COLLEGE,G,CRANBOURNE NORTH,165,87,63,51,2,21,5,17,5,0
11802,ANTONINE COLLEGE,C,PASCOE VALE SOUTH,58,46,24,54,8,25,0,4,8,0
01311,APOLLO BAY P-12 COLLEGE,G,OTWAY,16,15,11,36,36,0,9,18,0,0
01300,AQUINAS COLLEGE,C,RINGWOOD,256,235,133,49,11,15,14,10,1,0
01207,ARARAT SECONDARY COLLEGE,G,ARARAT,19,19,13,15,15,15,8,38,8,0
01337,ASHWOOD HIGH SCHOOL,G,ASHWOOD - CHADSTONE,39,26,20,65,10,15,5,5,0,0
01456,ASSUMPTION COLLEGE,C,KILMORE - BROADFORD,172,145,90,46,11,17,12,13,1,0
01008,AUBURN HIGH SCHOOL,G,HAWTHORN EAST,37,36,19,58,16,5,5,16,0,0
01197,AVILA COLLEGE,C,MOUNT WAVERLEY - NORTH,172,149,80,74,4,16,3,4,0,0
01003,BACCHUS MARSH COLLEGE,G,BACCHUS MARSH,88,74,44,16,9,14,20,34,7,0
01799,BACCHUS MARSH GRAMMAR,I,BACCHUS MARSH,145,121,86,64,12,12,7,3,2,0
01177,BAIMBRIDGE COLLEGE,G,SOUTHERN GRAMPIANS,31,21,15,20,13,0,33,27,7,0
14495,BALCOMBE GRAMMAR SCHOOL,I,MOUNT MARTHA,65,60,41,56,24,7,2,5,5,0
01010,BALLARAT CLARENDON COLLEGE,I,BALLARAT,143,117,74,74,14,5,3,4,0,0
01480,BALLARAT GRAMMAR,I,WENDOUREE - MINERS REST,152,132,83,69,19,4,5,4,0,0
01060,BALLARAT HIGH SCHOOL,G,BALLARAT,173,169,114,37,15,11,7,25,4,1
01235,BALWYN HIGH SCHOOL,G,BALWYN NORTH,414,384,257,85,2,7,2,4,1,0
01387,BAYSIDE P-12 COLLEGE,G,ALTONA NORTH,93,53,44,45,9,9,9,18,7,2
01607,BEACONHILLS COLLEGE,I,PAKENHAM - NORTH,107,104,61,52,3,13,10,18,2,2
14425,BEACONHILLS COLLEGE,I,BERWICK - NORTH,122,111,79,66,10,13,4,6,1,0
01066,BEAUFORT SECONDARY COLLEGE,G,BEAUFORT,16,16,10,40,0,30,10,20,0,0
01486,BEECHWORTH SECONDARY COLLEGE,G,BEECHWORTH,24,23,19,21,11,21,5,26,16,0
11533,BELGRAVE HEIGHTS CHRISTIAN SCHOOL,I,BELGRAVE - SELBY,68,64,41,41,7,20,10,22,0,0
01039,BELLARINE SECONDARY COLLEGE,G,CLIFTON SPRINGS,113,96,64,22,14,17,8,30,9,0
01322,BELMONT HIGH SCHOOL,G,BELMONT,172,172,88,43,14,16,3,23,1,0
01687,BENALLA P-12 COLLEGE,G,BENALLA REGION,52,35,21,5,14,19,10,43,10,0
01226,BENDIGO SENIOR SECONDARY COLLEGE,G,BENDIGO,721,546,345,26,17,14,13,24,6,0
01560,BENTLEIGH SECONDARY COLLEGE,G,BENTLEIGH EAST,119,88,66,62,6,17,6,8,0,2
01232,BERWICK SECONDARY COLLEGE,G,BERWICK - NORTH,213,190,116,36,15,14,15,17,3,0
01144,BETH RIVKAH LADIES COLLEGE,I,CAULFIELD - NORTH,32,32,16,13,31,13,25,6,13,0
01558,BILLANOOK COLLEGE,I,MOOROOLBARK,105,84,50,60,24,4,0,10,2,0
01125,BIRCHIP P-12 SCHOOL,G,BULOKE,19,19,14,43,14,21,14,7,0,0
01499,BLACKBURN HIGH SCHOOL,G,BLACKBURN,160,113,80,60,10,19,3,9,0,0
01638,BORONIA K-12 COLLEGE,G,BORONIA - THE BASIN,20,14,10,20,0,20,20,20,20,0
01289,BOX HILL HIGH SCHOOL,G,BOX HILL,213,142,106,76,9,8,1,3,2,1
01397,BRAEMAR COLLEGE,I,MACEDON,94,75,43,58,28,2,5,5,2,0
01234,BRAUER SECONDARY COLLEGE,G,WARRNAMBOOL - NORTH,62,36,18,22,28,6,17,28,0,0
01240,BRAYBROOK COLLEGE,G,BRAYBROOK,184,171,115,63,0,21,3,8,5,0
01187,BRENTWOOD SECONDARY COLLEGE,G,GLEN WAVERLEY - EAST,218,127,99,63,11,10,10,2,4,0
01542,BRIGHT P-12 COLLEGE,G,BRIGHT - MOUNT BEAUTY,20,20,17,29,24,12,12,18,6,0
01095,BRIGHTON GRAMMAR SCHOOL,I,BRIGHTON (VIC.),143,127,72,69,4,13,7,6,1,0
01132,BRIGHTON SECONDARY COLLEGE,G,BRIGHTON EAST,197,168,93,54,12,18,8,6,2,0
01505,BRUNSWICK SECONDARY COLLEGE,G,BRUNSWICK,150,102,72,63,11,10,6,3,7,1
01452,BUCKLEY PARK COLLEGE,G,ESSENDON - ABERFELDIE,159,107,71,66,11,8,0,8,4,1
01054,BUNDOORA SECONDARY COLLEGE,G,BUNDOORA - EAST,62,58,37,11,5,35,8,24,11,5
01514,CAMBERWELL GIRLS GRAMMAR SCHOOL,I,SURREY HILLS (WEST) - CANTERBURY,75,59,38,95,5,0,0,0,0,0
01045,CAMBERWELL GRAMMAR SCHOOL,I,BALWYN,169,155,111,94,1,1,3,0,2,0
01286,CAMPERDOWN COLLEGE,G,CAMPERDOWN,17,17,13,15,8,8,15,54,0,0
01245,CANTERBURY GIRLS SECONDARY COLLEGE,G,SURREY HILLS (WEST) - CANTERBURY,128,71,54,70,7,9,6,6,0,2
01464,CAREY BAPTIST GRAMMAR SCHOOL,I,KEW,271,257,153,84,7,3,2,3,1,0
01099,CAROLINE CHISHOLM CATHOLIC COLLEGE,C,BRAYBROOK,225,119,73,68,7,10,5,8,1,0
14175,CARRUM DOWNS SECONDARY COLLEGE,G,CARRUM DOWNS,85,45,30,33,10,23,7,13,13,0
01192,CARWATHA COLLEGE P-12,G,NOBLE PARK NORTH,73,54,42,45,10,10,14,12,7,2
01450,CASTLEMAINE SECONDARY COLLEGE,G,CASTLEMAINE REGION,61,49,42,21,24,17,0,33,5,0
13762,CATHEDRAL COLLEGE WANGARATTA,I,WANGARATTA REGION,32,28,20,50,10,20,15,5,0,0
01540,CATHERINE MCAULEY COLLEGE,C,BENDIGO,230,210,121,48,16,5,16,15,1,0
01048,CATHOLIC COLLEGE SALE,C,SALE,103,88,44,32,32,14,9,11,2,0
01033,CATHOLIC COLLEGE WODONGA,C,WEST WODONGA,161,137,80,41,16,13,21,9,0,0
01408,CATHOLIC LADIES' COLLEGE LTD,C,ELTHAM,179,153,92,76,10,5,0,8,1,0
01629,CAULFIELD GRAMMAR SCHOOL,I,WHEELERS HILL,171,160,94,82,4,6,5,2,0,0
1063,CENTRE FOR ADULT EDUCATION,A,MELBOURNE,66,45,25,36,12,12,0,28,8,4
01890,CHAIRO CHRISTIAN SCHOOL,I,DROUIN,88,70,43,49,5,7,9,19,12,0
01748,CHARLES LA TROBE P-12 COLLEGE,G,KINGSBURY,41,26,20,60,10,20,5,5,0,0
01243,CHARLTON COLLEGE,G,BULOKE,16,10,10,20,40,10,10,10,10,0
01459,CHELTENHAM SECONDARY COLLEGE,G,CHELTENHAM - HIGHETT (EAST),143,128,85,47,5,12,15,16,5,0
1188,CHISHOLM INSTITUTE - DANDENONG CAMPUS,A,DANDENONG,146,93,53,6,4,30,21,30,8,2
01201,CHRISTIAN BROTHERS' COLLEGE ST KILDA,C,ST KILDA EAST,76,64,38,58,5,16,11,11,0,0
01787,CHRISTIAN COLLEGE INSTITUTE OF SENIOR EDUCATION,I,HIGHTON,143,111,78,50,22,6,6,14,0,1
01543,COBDEN TECHNICAL SCHOOL,G,CORANGAMITE - SOUTH,21,21,15,13,7,13,33,33,0,0
01135,COBRAM SECONDARY COLLEGE,G,COBRAM,31,27,19,21,16,16,11,32,5,0
01037,COHUNA SECONDARY COLLEGE,G,GANNAWARRA,34,30,18,61,6,6,17,6,6,0
01643,COLAC SECONDARY COLLEGE,G,COLAC REGION,46,45,24,0,21,4,38,33,4,0
01196,COLLINGWOOD COLLEGE,G,COLLINGWOOD,61,38,29,28,28,24,7,14,0,0
01559,COPPERFIELD COLLEGE,G,DELAHEY,319,240,166,42,4,22,10,10,11,1
15114,CORNISH COLLEGE,I,KEYSBOROUGH,52,34,21,67,24,5,0,5,0,0
01195,CORRYONG COLLEGE,G,TOWONG,19,19,12,25,25,0,33,17,0,0
01911,COVENANT COLLEGE,I,NORTH GEELONG - BELL PARK,28,18,14,57,21,14,7,0,0,0
01739,CRAIGIEBURN SECONDARY COLLEGE,G,CRAIGIEBURN - MICKLEHAM,105,105,75,27,4,20,12,24,12,1
15044,CRANBOURNE EAST SECONDARY COLLEGE,G,CRANBOURNE EAST,128,76,53,26,8,17,15,25,9,0
01375,DAMASCUS COLLEGE,C,BALLARAT - SOUTH,130,122,75,40,21,8,11,17,3,0
01301,DANDENONG HIGH SCHOOL,G,DANDENONG,275,195,153,34,7,31,6,13,7,1
01145,DAYLESFORD SECONDARY COLLEGE,G,DAYLESFORD,45,45,29,17,31,10,21,14,7,0
01050,DE LA SALLE COLLEGE,C,MALVERN - GLEN IRIS,177,127,75,64,13,4,13,4,1,0
01628,DIAMOND VALLEY COLLEGE,G,WATTLE GLEN - DIAMOND CREEK,86,83,59,34,2,22,10,25,7,0
01465,DIMBOOLA MEMORIAL SECONDARY COLLEGE,G,NHILL REGION,17,12,10,50,0,10,10,30,0,0
01360,DONALD HIGH SCHOOL,G,BULOKE,25,22,14,36,14,14,7,29,0,0
01253,DONCASTER SECONDARY COLLEGE,G,DONCASTER,233,188,132,58,5,18,8,9,2,0
01571,DONVALE CHRISTIAN COLLEGE,I,DONVALE - PARK ORCHARDS,108,97,71,72,3,11,6,6,3,0
01646,DROMANA SECONDARY COLLEGE,G,DROMANA,151,143,100,27,23,10,10,27,2,1
01202,DROUIN SECONDARY COLLEGE,G,DROUIN,111,82,61,30,7,11,21,26,5,0
01304,EAST DONCASTER SECONDARY COLLEGE,G,DONCASTER EAST,266,229,153,77,6,8,5,3,1,0
01409,EAST LODDON P-12 COLLEGE,G,LODDON,14,14,11,55,18,0,0,9,18,0
11843,EAST PRESTON ISLAMIC COLLEGE,I,PRESTON,24,22,11,36,18,45,0,0,0,0
01051,ECHUCA COLLEGE,G,ECHUCA,57,50,29,21,17,10,7,41,3,0
01355,EDINBURGH COLLEGE,I,LILYDALE - COLDSTREAM,20,19,13,69,15,0,0,15,0,0
01736,ELISABETH MURDOCH COLLEGE,G,LANGWARRIN,173,91,58,28,9,24,10,24,5,0
01468,ELTHAM COLLEGE,I,RESEARCH - NORTH WARRANDYTE,77,73,45,64,16,7,7,2,0,4
01208,ELTHAM HIGH SCHOOL,G,ELTHAM,153,146,117,41,11,11,15,19,3,0
01147,ELWOOD COLLEGE,G,ELWOOD,77,54,32,63,6,16,3,9,3,0
01732,EMERALD SECONDARY COLLEGE,G,EMERALD - COCKATOO,85,62,43,28,9,16,9,33,5,0
01344,EMMANUEL COLLEGE,C,ALTONA NORTH,283,247,157,60,4,15,11,7,2,1
01410,EMMAUS COLLEGE,C,VERMONT SOUTH,198,151,96,68,9,11,5,4,1,1
01098,EPPING SECONDARY COLLEGE,G,EPPING,142,140,94,38,5,23,6,16,9,2
01049,ESSENDON KEILOR COLLEGE,G,ESSENDON - ABERFELDIE,103,91,59,39,10,14,17,8,10,2
01004,FAIRHILLS HIGH SCHOOL,G,FERNTREE GULLY,94,48,30,47,17,20,3,10,3,0
01946,FCJ COLLEGE,C,BENALLA REGION,50,47,30,20,13,30,7,20,3,7
1213,FEDERATION UNIVERSITY AUSTRALIA,A,BALLARAT - SOUTH,52,33,17,0,12,12,0,41,35,0
01258,FIRBANK GRAMMAR SCHOOL,I,BRIGHTON (VIC.),118,109,60,73,15,8,3,0,0,0
01415,FITZROY HIGH SCHOOL,G,FITZROY NORTH,74,47,37,46,27,11,3,8,3,3
01680,FLINDERS CHRISTIAN COMMUNITY COLLEGE,I,SOMERVILLE,110,98,60,43,7,20,8,17,5,0
13488,FLINDERS CHRISTIAN COMMUNITY COLLEGE,I,CARRUM DOWNS,66,47,27,67,11,4,0,19,0,0
01648,FOOTSCRAY CITY COLLEGE,G,FOOTSCRAY,113,113,76,34,16,20,12,7,12,0
01398,FOREST HILL COLLEGE,G,BURWOOD EAST,92,91,59,47,3,20,7,14,7,2
01264,FOSTER SECONDARY COLLEGE,G,FOSTER,37,35,18,22,17,11,0,39,11,0
13440,FOUNTAIN GATE SECONDARY COLLEGE,G,NARRE WARREN,127,126,77,43,5,21,5,18,6,1
01061,FRANKSTON HIGH SCHOOL,G,FRANKSTON SOUTH,283,241,175,50,16,11,9,10,3,1
01276,GALEN CATHOLIC COLLEGE,C,WANGARATTA REGION,148,104,61,18,41,3,15,20,3,0
01166,GEELONG HIGH SCHOOL,G,GEELONG,103,76,59,42,8,17,8,17,7,0
14930,GEELONG LUTHERAN COLLEGE,I,GROVEDALE,38,26,18,44,11,33,0,6,6,0
01206,GENAZZANO FCJ COLLEGE,C,KEW,140,103,72,86,4,4,3,1,1,0
01309,GILMORE COLLEGE FOR GIRLS,G,FOOTSCRAY,33,18,14,64,0,21,7,0,7,0
11481,GILSON COLLEGE,I,TAYLORS HILL,71,50,27,74,11,7,4,0,4,0
01516,GIPPSLAND GRAMMAR,I,SALE,83,83,48,50,25,8,4,6,6,0
01848,GIRTON GRAMMAR SCHOOL,I,BENDIGO,130,121,74,58,23,11,3,5,0,0
01626,GISBORNE SECONDARY COLLEGE,G,GISBORNE,147,123,87,37,9,8,21,21,3,1
01205,GLADSTONE PARK SECONDARY COLLEGE,G,GLADSTONE PARK - WESTMEADOWS,235,224,162,60,6,11,9,7,6,1
01103,GLEN WAVERLEY SECONDARY COLLEGE,G,GLEN WAVERLEY - WEST,330,267,184,87,2,7,3,1,1,0
1747,GOULBURN OVENS INSTITUTE OF TAFE (SHEPPARTON CAMPUS),A,SHEPPARTON - NORTH,47,31,16,0,0,50,13,19,19,0
01605,GOULBURN VALLEY GRAMMAR SCHOOL,I,SHEPPARTON - NORTH,94,83,55,76,15,5,0,2,0,2
01139,GREENSBOROUGH SECONDARY COLLEGE,G,GREENSBOROUGH,89,64,43,26,7,16,16,33,2,0
01562,GROVEDALE COLLEGE,G,GROVEDALE,94,67,48,38,10,15,8,27,2,0
15458,HAILEYBURY GIRLS COLLEGE,I,NORTH MELBOURNE,160,148,80,86,6,3,3,1,1,0
01334,HALLAM SENIOR SECONDARY COLLEGE,G,HALLAM,224,183,108,9,11,22,22,22,12,1
01721,HEATHDALE CHRISTIAN COLLEGE,I,WERRIBEE,76,64,39,67,3,13,10,5,3,0
11954,HEATHERTON CHRISTIAN COLLEGE,I,MOORABBIN - HEATHERTON,29,25,16,44,0,44,0,0,13,0
01315,HEATHMONT COLLEGE,G,RINGWOOD EAST,44,37,24,17,17,33,4,8,21,0
01413,HIGHVIEW COLLEGE,I,MARYBOROUGH REGION,43,39,26,65,19,8,0,8,0,0
01742,HOPPERS CROSSING SECONDARY COLLEGE,G,HOPPERS CROSSING - SOUTH,184,184,128,38,5,17,11,22,7,1
01395,HORSHAM COLLEGE,G,HORSHAM REGION,74,72,53,34,17,9,13,21,6,0
14997,HUME ANGLICAN GRAMMAR,I,CRAIGIEBURN - MICKLEHAM,59,39,28,79,0,14,4,4,0,0
01553,HUME CENTRAL SECONDARY COLLEGE,G,BROADMEADOWS,118,88,66,42,6,15,6,15,15,0
01474,HUNTINGTOWER SCHOOL,I,MOUNT WAVERLEY - SOUTH,89,60,43,91,5,5,0,0,0,0
11577,ILIM COLLEGE,I,BROADMEADOWS,66,52,30,73,0,17,3,3,0,3
15395,ILIM COLLEGE,I,DALLAS,35,29,17,88,6,0,0,6,0,0
15072,ISLAMIC COLLEGE OF MELBOURNE,I,TARNEIT,21,21,14,64,0,14,14,7,0,0
01368,IVANHOE GIRLS' GRAMMAR SCHOOL,I,IVANHOE,123,92,59,85,8,2,0,3,0,2
01418,IVANHOE GRAMMAR SCHOOL,I,IVANHOE,206,178,103,89,5,2,1,2,1,0
01887,IVANHOE GRAMMAR SCHOOL,I,SOUTH MORANG,62,58,32,78,13,0,3,6,0,0
14992,JOHN MONASH SCIENCE SCHOOL,G,CLAYTON,225,164,129,90,3,2,2,3,1,0
01427,JOHN PAUL COLLEGE,C,FRANKSTON NORTH,115,84,60,47,12,7,8,23,3,0
13409,KAMBRYA COLLEGE,G,BERWICK - SOUTH,167,119,82,48,9,12,10,13,7,1
1606,KANGAN INSTITUTE OF TAFE,A,BROADMEADOWS,37,28,20,0,0,35,15,30,15,5
01905,KARDINIA INTERNATIONAL COLLEGE,I,NORTH GEELONG - BELL PARK,205,177,115,72,17,5,0,5,0,0
01740,KEILOR DOWNS SECONDARY COLLEGE,G,KEILOR DOWNS,171,87,63,67,3,11,3,14,2,0
01038,KERANG TECHNICAL HIGH SCHOOL,G,KERANG,36,29,16,50,0,6,25,19,0,0
01373,KEW HIGH SCHOOL,G,KEW EAST,185,101,61,66,5,7,3,20,0,0
01040,KEYSBOROUGH SECONDARY COLLEGE,G,KEYSBOROUGH,95,69,47,49,2,17,13,11,9,0
01316,KILBREDA COLLEGE,C,MENTONE,152,147,85,61,13,12,2,12,0,0
01212,KILLESTER COLLEGE,C,SPRINGVALE,139,130,78,67,6,21,3,4,0,0
01110,KILVINGTON GRAMMAR SCHOOL,I,ORMOND - GLEN HUNTLY,72,50,38,82,8,5,0,5,0,0
01059,KINGSWOOD COLLEGE,I,BOX HILL,49,48,35,69,17,14,0,0,0,0
14564,KOLBE CATHOLIC COLLEGE,C,GREENVALE - BULLA,121,101,57,63,4,12,11,5,5,0
01351,KOO WEE RUP SECONDARY COLLEGE,G,KOO WEE RUP,99,87,59,32,10,12,15,24,5,2
01248,KORUMBURRA SECONDARY COLLEGE,G,KORUMBURRA,37,37,24,25,17,8,17,25,8,0
01691,KURNAI COLLEGE,G,CHURCHILL,142,127,74,30,8,20,22,11,5,4
01754,KURUNJANG SECONDARY COLLEGE,G,MELTON,59,52,31,26,0,29,13,23,6,3
01043,KYNETON HIGH SCHOOL,G,KYNETON,47,30,24,29,8,17,21,13,13,0
11799,LAKES ENTRANCE SECONDARY COLLEGE,G,LAKES ENTRANCE,16,15,12,33,17,25,0,17,8,0
12911,LAKEVIEW SENIOR COLLEGE,G,CAROLINE SPRINGS,299,154,92,68,4,11,8,5,3,0
01163,LALOR NORTH SECONDARY COLLEGE,G,EPPING,61,60,34,32,6,32,18,6,6,0
01217,LALOR SECONDARY COLLEGE,G,LALOR,137,122,101,51,4,18,7,12,6,2
01222,LAVALLA CATHOLIC COLLEGE,C,TRARALGON,157,97,68,49,19,12,12,9,0,0
01198,LEONGATHA SECONDARY COLLEGE,G,LEONGATHA,57,47,34,21,18,9,18,35,0,0
01940,LIGHTHOUSE CHRISTIAN COLLEGE,I,KEYSBOROUGH,44,22,17,65,0,24,12,0,0,0
01622,LILYDALE HEIGHTS COLLEGE,G,LILYDALE - COLDSTREAM,54,39,25,24,8,4,4,52,8,0
01096,LILYDALE HIGH SCHOOL,G,LILYDALE - COLDSTREAM,242,183,118,42,8,14,11,21,4,0
01426,LORETO COLLEGE,C,BALLARAT,141,121,81,44,20,22,5,6,2,0
01424,LORETO MANDEVILLE HALL,C,TOORAK,107,90,65,91,5,2,2,2,0,0
01533,LORNE P-12 COLLEGE,G,LORNE - ANGLESEA,22,18,11,45,18,0,9,9,18,0
01265,LOWANNA COLLEGE,G,MOE - NEWBOROUGH,70,62,45,18,9,13,31,27,0,2
01374,LOWTHER HALL ANGLICAN GRAMMAR SCHOOL,I,ESSENDON - ABERFELDIE,74,73,61,80,7,10,0,2,2,0
01577,LOYOLA COLLEGE,C,WATSONIA,222,202,119,66,9,13,9,2,1,0
01320,LUTHER COLLEGE,I,CROYDON HILLS - WARRANWOOD,173,144,98,63,13,9,9,4,1,0
01115,LYNDALE SECONDARY COLLEGE,G,DANDENONG NORTH,120,92,64,55,5,25,5,8,3,0
01599,LYNDHURST SECONDARY COLLEGE,G,CRANBOURNE NORTH,71,48,28,39,0,14,7,25,14,0
01563,MACKILLOP CATHOLIC REGIONAL COLLEGE,C,WERRIBEE - SOUTH,225,167,107,60,7,9,7,15,2,0
01366,MACROBERTSON GIRLS HIGH SCHOOL,G,ALBERT PARK,239,125,94,90,5,2,1,1,0,0
01307,MAFFRA SECONDARY COLLEGE,G,MAFFRA,53,49,37,30,11,19,5,30,5,0
14923,MANOR LAKES P-12 COLLEGE,G,WYNDHAM VALE,87,62,42,29,12,5,17,26,12,0
01100,MANSFIELD SECONDARY COLLEGE,G,MANSFIELD (VIC.),47,37,21,24,29,19,19,10,0,0
01405,MARANATHA CHRISTIAN SCHOOL,I,ENDEAVOUR HILLS,56,38,25,68,4,8,4,16,0,0
01268,MARCELLIN COLLEGE,C,BULLEEN,229,220,112,66,6,8,15,4,0,0
01105,MARIAN COLLEGE,C,ARARAT,70,67,37,30,22,11,5,32,0,0
01734,MARIAN COLLEGE,C,SUNSHINE WEST,115,76,43,65,9,16,5,5,0,0
01429,MARIBYRNONG SECONDARY COLLEGE,G,MARIBYRNONG,149,149,84,54,10,13,7,12,2,2
01494,MARIST-SION COLLEGE,C,WARRAGUL,119,94,53,36,13,13,21,15,2,0
01788,MARY MACKILLOP CATHOLIC REGIONAL COLLEGE,C,LEONGATHA,79,43,25,48,20,4,16,12,0,0
01470,MARYBOROUGH EDUCATION CENTRE,G,MARYBOROUGH REGION,68,46,37,30,14,14,14,22,8,0
15008,MARYMEDE CATHOLIC COLLEGE,C,SOUTH MORANG,156,135,74,47,12,24,7,8,1,0
01431,MATER CHRISTI COLLEGE,C,BELGRAVE - SELBY,122,105,70,71,11,4,3,10,0,0
01067,MATTHEW FLINDERS GIRLS SECONDARY COLLEGE,G,GEELONG,93,81,53,43,11,13,6,25,2,0
01218,MAZENOD COLLEGE,C,MULGRAVE,193,190,115,76,4,10,3,4,3,1
01011,MCCLELLAND SECONDARY COLLEGE,G,FRANKSTON NORTH,113,78,60,28,7,25,10,25,5,0
01325,MCKINNON SECONDARY COLLEGE,G,BENTLEIGH - MCKINNON,316,316,237,74,8,7,4,5,0,0
01513,MELBA SECONDARY COLLEGE,G,CROYDON,81,79,61,31,7,26,15,11,10,0
01247,MELBOURNE GIRLS COLLEGE,G,RICHMOND (VIC.),249,244,175,73,14,6,2,4,1,0
01164,MELBOURNE GIRLS GRAMMAR,I,SOUTH YARRA - WEST,108,88,55,85,5,2,2,2,4,0
01223,MELBOURNE GRAMMAR SCHOOL,I,SOUTH YARRA - WEST,186,116,64,84,3,5,2,3,3,0
01556,MELBOURNE RUDOLF STEINER SCHOOL,I,CROYDON HILLS - WARRANWOOD,38,29,17,41,35,6,6,6,6,0
01065,MENTONE GIRLS' GRAMMAR SCHOOL,I,MENTONE,71,66,50,90,2,8,0,0,0,0
01273,MENTONE GIRLS SECONDARY COLLEGE,G,MENTONE,172,136,91,71,10,10,2,5,1,0
01116,MENTONE GRAMMAR SCHOOL,I,MENTONE,193,193,121,81,3,9,2,3,1,0
01183,MERCY REGIONAL COLLEGE,C,CAMPERDOWN,76,73,53,34,17,9,25,15,0,0
01015,METHODIST LADIES' COLLEGE,I,KEW,291,230,148,86,8,5,1,0,1,0
01107,MILDURA SENIOR COLLEGE,G,MILDURA,339,305,190,32,11,11,14,27,5,1
01873,MILL PARK SECONDARY COLLEGE,G,EPPING,272,141,106,42,14,16,8,12,6,2
01371,MIRBOO NORTH SECONDARY COLLEGE,G,LEONGATHA,44,42,33,36,9,21,6,24,3,0
01062,MONBULK COLLEGE,G,MONBULK - SILVAN,58,46,28,39,25,18,0,18,0,0
01071,MONTMORENCY SECONDARY COLLEGE,G,MONTMORENCY - BRIAR HILL,89,89,55,44,13,13,7,24,0,0
01482,MOOROOPNA SECONDARY COLLEGE,G,MOOROOPNA,39,28,21,24,10,19,19,19,10,0
01376,MORDIALLOC COLLEGE,G,EDITHVALE - ASPENDALE,72,57,42,26,12,26,12,19,5,0
01590,MORNINGTON SECONDARY COLLEGE,G,MORNINGTON,215,204,111,27,22,14,8,23,6,0
01407,MOUNT ALEXANDER 7-12 COLLEGE,G,FLEMINGTON,45,38,28,36,18,25,11,4,7,0
01329,MOUNT BEAUTY SECONDARY COLLEGE,G,BRIGHT - MOUNT BEAUTY,30,27,21,29,19,10,19,19,5,0
01531,MOUNT CLEAR COLLEGE,G,BALLARAT - SOUTH,109,71,51,25,14,18,12,25,6,0
01228,MOUNT ELIZA SECONDARY COLLEGE,G,MOUNT ELIZA,77,59,42,40,12,19,12,12,5,0
01637,MOUNT ERIN SECONDARY COLLEGE,G,FRANKSTON SOUTH,87,54,38,24,24,21,8,16,8,0
01047,MOUNT EVELYN CHRISTIAN SCHOOL/RANGES TEC,I,MONTROSE,51,39,23,35,22,22,9,9,4,0
14946,MOUNT RIDLEY P-12 COLLEGE,G,CRAIGIEBURN - MICKLEHAM,169,120,86,41,2,22,9,15,10,0
01532,MOUNT ROWAN SECONDARY COLLEGE,G,WENDOUREE - MINERS REST,19,18,13,46,0,15,0,31,8,0
01430,MOUNT ST JOSEPH GIRLS' COLLEGE,C,ALTONA,159,112,66,68,6,20,3,3,0,0
01383,MOUNT WAVERLEY SECONDARY COLLEGE,G,MOUNT WAVERLEY - NORTH,293,167,134,66,7,20,4,1,0,1
01656,MULLAUNA SECONDARY COLLEGE,G,MITCHAM (VIC.),59,47,36,61,11,6,8,11,3,0
01369,NAGLE COLLEGE,C,BAIRNSDALE,92,77,49,16,33,8,14,24,2,2
01080,NATHALIA SECONDARY COLLEGE,G,NUMURKAH,24,21,11,9,18,18,9,36,9,0
01750,NAZARETH COLLEGE,C,NOBLE PARK NORTH,126,121,67,55,6,18,7,4,6,3
01487,NEWCOMB SECONDARY COLLEGE,G,NEWCOMB - MOOLAP,42,39,29,14,7,14,14,34,17,0
01564,NEWHAVEN COLLEGE,I,PHILLIP ISLAND,81,55,37,57,14,3,16,8,0,3
01287,NHILL COLLEGE,G,NHILL REGION,23,23,18,28,11,11,22,11,17,0
01380,NORTH GEELONG SECONDARY COLLEGE,G,NORTH GEELONG - BELL PARK,99,99,63,40,8,17,16,11,5,3
01123,NORTHCOTE HIGH SCHOOL,G,NORTHCOTE,265,264,183,57,14,14,5,9,1,1
01596,NORTHERN COLLEGE OF THE ARTS AND TECHNOLOGY,G,PRESTON,133,109,76,12,5,24,18,26,13,1
01942,NORTHSIDE CHRISTIAN COLLEGE,I,BUNDOORA - WEST,21,21,15,67,13,7,7,0,7,0
01077,NORWOOD SECONDARY COLLEGE,G,RINGWOOD,153,153,103,32,11,23,10,18,6,0
15007,NOSSAL HIGH SCHOOL,G,BERWICK - NORTH,205,175,136,93,3,3,0,1,1,0
01541,NOTRE DAME COLLEGE,C,SHEPPARTON - NORTH,215,167,98,26,20,11,22,16,4,0
01745,NUNAWADING CHRISTIAN COLLEGE-SECONDARY,I,NUNAWADING,22,15,13,54,0,15,8,15,8,0
01328,OBERON HIGH SCHOOL,G,BELMONT,59,50,38,45,8,11,18,13,3,3
13461,ONESCHOOL GLOBAL VIC,I,PLENTY - YARRAMBAT,50,50,28,4,0,7,39,50,0,0
01086,ORBOST SECONDARY COLLEGE,G,ORBOST,15,11,10,10,20,0,20,50,0,0
01326,OUR LADY OF MERCY COLLEGE,C,HEIDELBERG - ROSANNA,168,138,89,82,4,6,3,2,1,1
01274,OUR LADY OF SION COLLEGE,C,BOX HILL,139,88,50,76,10,8,0,4,2,0
01379,OUR LADY OF THE SACRED HEART COLLEGE,C,BENTLEIGH - MCKINNON,101,63,40,70,3,13,3,13,0,0
01753,OVERNEWTON ANGLICAN COMMUNITY COLLEGE,I,KEILOR,167,147,81,62,7,17,9,4,1,0
01530,OXLEY CHRISTIAN COLLEGE,I,CHIRNSIDE PARK,89,71,44,70,5,9,7,9,0,0
01167,PADUA COLLEGE,C,MORNINGTON,336,238,133,49,12,8,12,17,2,0
01396,PAKENHAM SECONDARY COLLEGE,G,PAKENHAM - SOUTH,67,51,40,43,10,18,10,18,3,0
01225,PARADE COLLEGE,C,BUNDOORA - EAST,271,180,95,61,2,15,16,5,1,0
01338,PARKDALE SECONDARY COLLEGE,G,MORDIALLOC - PARKDALE,241,206,140,39,9,20,15,14,3,0
01284,PASCOE VALE GIRLS SECONDARY COLLEGE,G,PASCOE VALE,169,156,118,57,1,21,5,8,8,0
01466,PATTERSON RIVER SECONDARY COLLEGE,G,SEAFORD (VIC.),126,125,75,29,11,15,9,24,11,1
01075,PENINSULA GRAMMAR,I,MOUNT ELIZA,159,142,78,69,10,10,6,4,0,0
01171,PENLEIGH & ESSENDON GRAMMAR SCHOOL,I,KEILOR EAST,239,238,163,82,5,6,2,4,1,0
01153,PENOLA CATHOLIC COLLEGE,C,BROADMEADOWS,225,223,118,49,10,17,14,6,3,1
01581,PHOENIX P-12 COMMUNITY COLLEGE,G,BALLARAT - SOUTH,70,64,51,24,10,22,22,12,10,2
01786,PLENTY VALLEY CHRISTIAN COLLEGE,I,PANTON HILL - ST ANDREWS,76,52,39,51,15,13,13,8,0,0
14555,POINT COOK SENIOR SECONDARY COLLEGE,G,POINT COOK,222,125,72,36,11,18,8,17,8,1
01662,PORTLAND SECONDARY COLLEGE,G,PORTLAND,88,58,43,23,16,9,14,35,2,0
01072,PRESBYTERIAN LADIES' COLLEGE,I,BURWOOD,158,146,103,93,2,0,1,4,0,0
01020,PRESENTATION COLLEGE WINDSOR,C,PRAHRAN - WINDSOR,84,53,33,64,12,12,6,3,3,0
01194,PRINCES HILL SECONDARY COLLEGE,G,CARLTON NORTH - PRINCES HILL,145,91,73,68,15,10,1,4,1,0
01500,RESERVOIR HIGH SCHOOL,G,RESERVOIR - EAST,70,56,41,59,5,22,5,5,2,2
01448,RINGWOOD SECONDARY COLLEGE,G,RINGWOOD,224,178,116,47,14,14,14,11,0,0
01715,ROBINVALE COLLEGE,G,ROBINVALE,24,17,10,10,10,10,10,60,0,0
01142,ROCHESTER SECONDARY COLLEGE,G,ROCHESTER,48,45,36,47,3,14,17,14,6,0
01044,ROSEBUD SECONDARY COLLEGE,G,ROSEBUD - MCCRAE,158,138,90,27,20,13,10,24,4,1
01658,ROSEHILL SECONDARY COLLEGE,G,NIDDRIE - ESSENDON WEST,156,85,60,53,10,12,12,10,3,0
01838,ROWVILLE SECONDARY COLLEGE,G,ROWVILLE - CENTRAL,236,172,100,29,9,24,13,21,4,0
01246,ROXBURGH COLLEGE,G,ROXBURGH PARK - SOMERTON,165,165,101,36,3,23,8,16,14,1
01303,RUTHERGLEN HIGH SCHOOL,G,RUTHERGLEN,19,18,13,23,15,8,15,38,0,0
01176,RUYTON GIRLS' SCHOOL,I,KEW,82,55,33,88,0,3,3,6,0,0
01124,SACRE COEUR,C,MALVERN - GLEN IRIS,87,59,38,92,5,0,3,0,0,0
01493,SACRED HEART COLLEGE,C,NEWTOWN (VIC.),217,181,97,63,11,6,4,14,1,0
01511,SACRED HEART COLLEGE,C,KYNETON,115,84,51,43,29,8,8,12,0,0
01078,SACRED HEART GIRLS' COLLEGE,C,HUGHESDALE,167,148,96,82,6,9,0,1,1,0
01793,SAINT IGNATIUS COLLEGE GEELONG,C,CLIFTON SPRINGS,183,183,105,50,11,10,8,18,2,0
01199,SALE COLLEGE,G,SALE,87,62,39,23,13,13,8,31,13,0
01026,SALESIAN COLLEGE,C,ASHWOOD - CHADSTONE,168,92,55,69,2,7,16,4,0,2
01057,SALESIAN COLLEGE,C,SUNBURY,186,144,95,53,7,19,13,7,1,0
01664,SANDRINGHAM COLLEGE,G,SANDRINGHAM - BLACK ROCK,172,115,74,39,7,22,11,11,9,1
01070,SANTA MARIA COLLEGE,C,NORTHCOTE,142,115,76,72,9,14,3,1,0,0
01343,SCORESBY SECONDARY COLLEGE,G,KNOXFIELD - SCORESBY,35,19,16,38,6,6,6,44,0,0
01497,SCOTCH COLLEGE,I,HAWTHORN,245,194,120,82,8,4,3,3,2,0
01255,SEYMOUR COLLEGE,G,SEYMOUR,55,53,30,17,13,23,23,13,7,3
01442,SHELFORD GIRLS' GRAMMAR,I,CAULFIELD - NORTH,63,59,43,91,2,5,0,2,0,0
01731,SHERBROOKE COMMUNITY SCHOOL,G,MOUNT DANDENONG - OLINDA,21,20,13,15,0,46,8,8,23,0
01388,SIENA COLLEGE LTD,C,SURREY HILLS (WEST) - CANTERBURY,127,96,53,91,2,4,0,4,0,0
11800,SIMONDS CATHOLIC COLLEGE,C,FITZROY NORTH,65,39,23,74,0,17,9,0,0,0
14403,SOMERVILLE SECONDARY COLLEGE,G,SOMERVILLE,29,24,13,46,0,15,8,31,0,0
01651,SOUTH OAKLEIGH SECONDARY COLLEGE,G,OAKLEIGH - HUNTINGDALE,56,55,32,34,6,34,9,0,16,0
15092,SOUTHERN CROSS GRAMMAR,I,TAYLORS HILL,18,18,11,64,18,0,9,9,0,0
01133,ST ALBANS SECONDARY COLLEGE,G,ST ALBANS - SOUTH,194,150,111,58,4,25,5,6,3,0
01339,ST ALOYSIUS COLLEGE,C,NORTH MELBOURNE,86,72,51,63,6,16,6,8,0,2
11535,ST ANDREWS CHRISTIAN COLLEGE,I,WANTIRNA SOUTH,30,28,20,70,0,10,5,10,5,0
01259,ST ARNAUD SECONDARY COLLEGE,G,ST ARNAUD,24,21,16,25,19,13,13,31,0,0
11313,ST AUGUSTINE'S COLLEGE,C,KYABRAM,46,33,24,38,38,13,4,8,0,0
01244,ST BRIGID'S COLLEGE,C,HORSHAM REGION,60,59,34,32,12,18,21,15,3,0
01130,ST CATHERINE'S SCHOOL,I,TOORAK,76,67,38,82,5,5,3,5,0,0
01083,ST COLUMBA'S COLLEGE,C,ESSENDON - ABERFELDIE,178,168,106,84,1,5,2,8,1,0
01524,ST FRANCIS XAVIER COLLEGE,C,BEACONSFIELD - OFFICER,397,337,192,47,8,18,6,17,3,1
01741,ST HELENA SECONDARY COLLEGE,G,GREENSBOROUGH,222,158,104,44,8,13,14,20,1,0
01252,ST JOHN'S REGIONAL COLLEGE,C,DANDENONG,137,91,53,49,8,21,6,15,2,0
01370,ST JOSEPH'S COLLEGE,C,FERNTREE GULLY,169,99,54,46,9,7,19,15,4,0
01476,ST JOSEPH'S COLLEGE MILDURA,C,MILDURA,73,39,26,50,27,8,4,12,0,0
01032,ST KEVIN'S COLLEGE,C,TOORAK,259,243,126,85,4,6,6,0,0,0
01501,ST LEONARD'S COLLEGE,I,BRIGHTON EAST,150,88,66,77,6,6,2,8,0,2
01280,ST MARGARET'S SCHOOL,I,BERWICK - NORTH,47,40,26,81,8,12,0,0,0,0
15057,ST MARGARET'S SCHOOL,I,BEACONSFIELD - OFFICER,24,21,14,64,7,14,7,7,0,0
01729,ST MARY MACKILLOP COLLEGE,C,SWAN HILL,50,38,26,42,15,15,15,12,0,0
01028,ST MARY OF THE ANGELS COLLEGE,C,NUMURKAH,74,62,36,31,19,19,19,8,3,0
01913,ST MARY'S COPTIC ORTHODOX COLLEGE,I,CAMPBELLFIELD - COOLAROO,60,53,28,68,0,21,0,4,4,4
01449,ST MICHAEL'S GRAMMAR SCHOOL,I,ST KILDA,140,94,63,59,25,10,0,5,2,0
01393,ST MONICA'S COLLEGE,C,EPPING,289,285,170,58,4,17,9,10,2,1
01321,ST PATRICK'S COLLEGE BALLARAT,C,BALLARAT,210,210,108,36,19,10,19,14,0,1
01678,ST PAUL'S ANGLICAN GRAMMAR SCHOOL,I,WARRAGUL,104,96,56,70,7,13,9,2,0,0
01884,ST PETER'S COLLEGE,C,CRANBOURNE WEST,194,165,85,44,6,26,9,13,2,0
01285,STAR OF THE SEA COLLEGE,C,BRIGHTON (VIC.),175,149,89,73,13,10,1,2,0,0
01655,STAUGHTON COLLEGE,G,MELTON SOUTH,78,59,43,42,5,14,12,16,12,0
01681,STAWELL SECONDARY COLLEGE,G,STAWELL,51,51,36,28,17,6,3,36,11,0
01290,STRATHCONA BAPTIST GIRLS' GRAMMAR,I,SURREY HILLS (WEST) - CANTERBURY,92,70,43,93,5,2,0,0,0,0
01089,STRATHMORE SECONDARY COLLEGE,G,STRATHMORE,234,183,139,60,10,14,4,9,4,0
01006,SUNBURY COLLEGE,G,SUNBURY,121,121,77,35,14,12,16,19,4,0
01676,SUNSHINE COLLEGE,G,SUNSHINE,177,137,91,40,0,24,18,7,11,1
15066,SUZANNE CORY HIGH SCHOOL,G,WERRIBEE - SOUTH,220,139,115,96,0,2,3,0,0,0
01421,SWAN HILL COLLEGE,G,SWAN HILL,100,69,54,43,6,17,20,13,2,0
01215,TALLANGATTA SECONDARY COLLEGE,G,TOWONG,46,46,29,17,17,24,14,28,0,0
15120,TARNEIT SENIOR COLLEGE,G,TARNEIT,135,111,74,55,4,20,7,11,3,0
01889,TAYLORS LAKES SECONDARY COLLEGE,G,TAYLORS LAKES,224,121,94,54,5,15,4,17,2,2
01550,TEMPLESTOWE COLLEGE,G,TEMPLESTOWE LOWER,106,62,50,50,10,8,8,22,2,0
01113,TERANG COLLEGE,G,CORANGAMITE - NORTH,16,14,12,8,25,17,42,8,0,0
01897,THE GRANGE P-12 COLLEGE,G,HOPPERS CROSSING - NORTH,101,68,47,47,11,19,6,11,6,0
01934,THE KING DAVID SCHOOL,I,ARMADALE,59,42,27,48,33,15,0,0,4,0
01701,THE KNOX SCHOOL,I,WANTIRNA SOUTH,67,48,30,87,7,3,3,0,0,0
11808,THOMAS CARR COLLEGE,C,TARNEIT,163,121,75,56,4,17,12,9,1,0
01349,THOMASTOWN SECONDARY COLLEGE,G,THOMASTOWN,73,72,38,47,13,26,3,3,5,3
01012,TIMBOON P-12 SCHOOL,G,CORANGAMITE - SOUTH,24,14,13,46,15,8,15,15,0,0
01425,TRAFALGAR HIGH SCHOOL,G,TRAFALGAR (VIC.),68,62,41,46,10,10,22,10,2,0
01586,TRARALGON COLLEGE,G,TRARALGON,68,47,31,29,3,13,16,35,3,0
01401,TRINITY COLLEGE COLAC INC,C,COLAC REGION,104,86,49,35,22,10,14,18,0,0
01134,TRINITY GRAMMAR SCHOOL KEW,I,KEW,156,136,84,85,7,1,2,2,2,0
01361,TYRRELL COLLEGE,G,BULOKE,14,14,13,31,15,15,15,23,0,0
01372,UNIVERSITY HIGH SCHOOL,G,PARKVILLE,231,134,104,83,9,7,1,1,0,0
01193,VERMONT SECONDARY COLLEGE,G,VERMONT,205,180,120,69,8,10,8,5,0,0
01525,VICTORIAN COLLEGE OF THE ARTS SECONDARY SCHOOL,G,SOUTHBANK,88,87,62,55,8,16,3,15,3,0
11567,VICTORY LUTHERAN COLLEGE,I,WEST WODONGA,33,28,19,21,37,5,11,26,0,0
01101,WANGANUI PARK SECONDARY COLLEGE,G,SHEPPARTON - NORTH,160,157,102,30,18,11,21,16,3,2
01434,WANGARATTA HIGH SCHOOL,G,WANGARATTA REGION,86,72,52,37,13,13,15,15,6,0
01578,WANTIRNA COLLEGE,G,WANTIRNA,191,113,77,47,9,19,6,16,3,0
01173,WARRACKNABEAL SECONDARY COLLEGE,G,YARRIAMBIACK,21,21,16,44,13,6,25,6,6,0
01668,WARRAGUL REGIONAL COLLEGE,G,WARRAGUL,105,103,62,42,5,15,6,29,3,0
01526,WARRANDYTE HIGH SCHOOL,G,WARRANDYTE - WONGA PARK,49,40,26,46,0,15,19,19,0,0
01385,WARRNAMBOOL COLLEGE,G,WARRNAMBOOL - NORTH,161,154,95,18,20,13,23,23,3,0
01509,WELLINGTON SECONDARY COLLEGE,G,MULGRAVE,284,247,174,64,3,17,4,8,3,1
01036,WESLEY COLLEGE,I,SOUTH YARRA - WEST,220,144,87,74,16,2,1,3,0,3
01816,WESLEY COLLEGE,I,GLEN WAVERLEY - WEST,173,165,105,80,7,7,3,3,1,0
01527,WESTBOURNE GRAMMAR SCHOOL,I,TRUGANINA,150,91,68,87,3,0,4,3,1,1
01498,WESTERN PORT SECONDARY COLLEGE,G,HASTINGS - SOMERS,38,36,19,26,5,16,0,42,11,0
01579,WHEELERS HILL SECONDARY COLLEGE,G,WHEELERS HILL,92,74,46,33,11,24,11,17,4,0
01224,WILLIAM RUTHVEN SECONDARY COLLEGE,G,RESERVOIR - WEST,45,35,23,48,4,9,17,9,13,0
01404,WILLIAMSTOWN HIGH SCHOOL,G,WILLIAMSTOWN,230,176,125,54,14,12,5,11,4,0
01672,WONTHAGGI SECONDARY COLLEGE,G,WONTHAGGI - INVERLOCH,144,113,68,21,28,0,12,31,9,0
01165,WOODLEIGH SCHOOL,I,LANGWARRIN,82,65,50,64,20,6,4,6,0,0
01566,WYNDHAM CENTRAL SECONDARY COLLEGE,G,WERRIBEE,82,60,40,23,18,28,15,15,3,0
01454,XAVIER COLLEGE,C,KEW,247,223,121,79,8,6,2,6,0,0
01236,YARRA HILLS SECONDARY COLLEGE,G,MOOROOLBARK,66,56,37,24,0,14,27,24,8,3
01400,YARRA VALLEY GRAMMAR,I,RINGWOOD,172,125,85,75,11,4,5,5,0,1
01191,YARRAM SECONDARY COLLEGE,G,YARRAM,40,31,22,32,9,5,23,27,5,0
,,,,,,,,,,,,,
Notes,,,,,,,,,,,,,
,,,,,,,,,,,,,
* On Track survey data is based on the number of students who responded to the 2019 On Track survey. This is a proportion of those who consented to participate in the On Track survey within the school.,,,,,,,,,,,,,
** On Track survey data does not include international students.,,,,,,,,,,,,,
"^ This category includes destinations of respondents that are not in the labour force or education or training, or those who's destinations cannot be identified.
",,,,,,,,,,,,,
,,,,,,,,,,,,,
Not all schools are included in the table. The following exlusion rules were applied:,,,,,,,,,,,,,
 - Schools with less than 10 Year 12 completers or less than 10 On Track respondents were not reported. ,,,,,,,,,,,,,
" - Schools with less than 50% consent rate, less than 50% response rate or less than 20% of the Year 12 cohort participating in the survey were not reported.",,,,,,,,,,,,,
,,,,,,,,,,,,,
See explanatory notes for further information on data contained within this table.,,,,,,,,,,,,,
